PhoneNumber,name
85255301234,test01
85255301235,test02
85255301236,test03
85255301237,test04
85255301238,test05
85255301239,test06
85255301240,test07
85255301241,test08
85255301242,test09
85255301243,test10
85255301244,test11
85255301245,test12
85255301246,test13
85255301247,test14
85255301248,test15
85255301249,test16
85255301250,test17
85255301251,test18
85255301252,test19
85255301253,test20
85255301254,test21
85255301255,test22
85255301256,test23
85255301257,test24
85255301258,test25
85255301259,test26
85255301260,test27
85255301261,test28
85255301262,test29
85255301263,test30
85255301264,test31
85255301265,test32
85255301266,test33
85255301267,test34
85255301268,test35
85255301269,test36
85255301270,test37
85255301271,test38
85255301272,test39
85255301273,test40
85255301274,test41
85255301275,test42
85255301276,test43
85255301277,test44
85255301278,test45
85255301279,test46
85255301280,test47
85255301281,test48
85255301282,test49
85255301283,test50
85255301284,test51
85255301285,test52
85255301286,test53
85255301287,test54
85255301288,test55
85255301289,test56
85255301290,test57
85255301291,test58
85255301292,test59
85255301293,test60
85255301294,test61
85255301295,test62
85255301296,test63
85255301297,test64
85255301298,test65
85255301299,test66
85255301300,test67
85255301301,test68
85255301302,test69
85255301303,test70
85255301304,test71
85255301305,test72
85255301306,test73
85255301307,test74
85255301308,test75
85255301309,test76
85255301310,test77
85255301311,test78
85255301312,test79
85255301313,test80
85255301314,test81
85255301315,test82
85255301316,test83
85255301317,test84
85255301318,test85
85255301319,test86
85255301320,test87
85255301321,test88
85255301322,test89
85255301323,test90
85255301324,test91
85255301325,test92
85255301326,test93
85255301327,test94
85255301328,test95
85255301329,test96
85255301330,test97
85255301331,test98
85255301332,test99
85255301333,test100
85255301334,test101
85255301335,test102
85255301336,test103
85255301337,test104
85255301338,test105
85255301339,test106
85255301340,test107
85255301341,test108
85255301342,test109
85255301343,test110
85255301344,test111
85255301345,test112
85255301346,test113
85255301347,test114
85255301348,test115
85255301349,test116
85255301350,test117
85255301351,test118
85255301352,test119
85255301353,test120
85255301354,test121
85255301355,test122
85255301356,test123
85255301357,test124
85255301358,test125
85255301359,test126
85255301360,test127
85255301361,test128
85255301362,test129
85255301363,test130
85255301364,test131
85255301365,test132
85255301366,test133
85255301367,test134
85255301368,test135
85255301369,test136
85255301370,test137
85255301371,test138
85255301372,test139
85255301373,test140
85255301374,test141
85255301375,test142
85255301376,test143
85255301377,test144